year_month,refund_reason_code,reason_label,ticket_count,total_refund_inr
2025-01,GW-OTHER,Goodwill / Other,26,72533.0
2025-01,DUP-PAYMENT,Duplicate Payment,10,27759.0
2025-01,CANCEL,Order Cancellation,7,19255.0
2025-01,RETURN-QC-OK,Return Accepted (QC Passed),10,11313.0
2025-01,DOA-REPL,Dead on Arrival (Replacement),3,7347.0
2025-01,WTY-BUYBACK,Warranty Buy-back,2,2841.0
2025-02,GW-OTHER,Goodwill / Other,23,63091.0
2025-02,RETURN-QC-OK,Return Accepted (QC Passed),13,29893.0
2025-02,DUP-PAYMENT,Duplicate Payment,9,28678.0
2025-02,LOST-TRANSIT,Lost or Undelivered,2,16497.0
2025-02,CANCEL,Order Cancellation,9,16260.0
2025-02,WTY-BUYBACK,Warranty Buy-back,3,14547.0
2025-02,DOA-REPL,Dead on Arrival (Replacement),3,6973.0
2025-02,PRICE-ADJ,Price or Coupon Adjustment,1,1999.0
2025-03,GW-OTHER,Goodwill / Other,30,98760.0
2025-03,RETURN-QC-OK,Return Accepted (QC Passed),24,70743.0
2025-03,DUP-PAYMENT,Duplicate Payment,16,52260.0
2025-03,DOA-REPL,Dead on Arrival (Replacement),8,29488.0
2025-03,CANCEL,Order Cancellation,6,18115.0
2025-03,PRICE-ADJ,Price or Coupon Adjustment,4,9984.0
2025-03,WTY-BUYBACK,Warranty Buy-back,2,7248.0
2025-03,LOST-TRANSIT,Lost or Undelivered,1,3999.0
2025-04,GW-OTHER,Goodwill / Other,32,113025.0
2025-04,RETURN-QC-OK,Return Accepted (QC Passed),16,39678.0
2025-04,DUP-PAYMENT,Duplicate Payment,10,37716.0
2025-04,CANCEL,Order Cancellation,9,23994.0
2025-04,WTY-BUYBACK,Warranty Buy-back,4,15021.0
2025-04,DOA-REPL,Dead on Arrival (Replacement),4,10733.0
2025-04,PRICE-ADJ,Price or Coupon Adjustment,4,9922.0
2025-05,GW-OTHER,Goodwill / Other,38,91985.0
2025-05,RETURN-QC-OK,Return Accepted (QC Passed),16,36577.0
2025-05,CANCEL,Order Cancellation,10,27538.0
2025-05,PRICE-ADJ,Price or Coupon Adjustment,6,23270.0
2025-05,WTY-BUYBACK,Warranty Buy-back,6,18834.0
2025-05,DUP-PAYMENT,Duplicate Payment,7,16781.0
2025-05,DOA-REPL,Dead on Arrival (Replacement),2,1699.0
2025-05,LOST-TRANSIT,Lost or Undelivered,1,780.0
2025-06,GW-OTHER,Goodwill / Other,29,77674.0
2025-06,DUP-PAYMENT,Duplicate Payment,16,60317.0
2025-06,RETURN-QC-OK,Return Accepted (QC Passed),18,47333.0
2025-06,WTY-BUYBACK,Warranty Buy-back,5,24099.0
2025-06,DOA-REPL,Dead on Arrival (Replacement),7,21894.0
2025-06,CANCEL,Order Cancellation,8,19907.0
2025-06,PRICE-ADJ,Price or Coupon Adjustment,4,7146.0
2025-06,LOST-TRANSIT,Lost or Undelivered,1,1499.0
2025-07,GW-OTHER,Goodwill / Other,46,145422.0
2025-07,DUP-PAYMENT,Duplicate Payment,19,57226.0
2025-07,RETURN-QC-OK,Return Accepted (QC Passed),17,51935.0
2025-07,CANCEL,Order Cancellation,18,50991.0
2025-07,DOA-REPL,Dead on Arrival (Replacement),6,17909.0
2025-07,LOST-TRANSIT,Lost or Undelivered,5,12297.0
2025-07,PRICE-ADJ,Price or Coupon Adjustment,4,11684.0
2025-07,WTY-BUYBACK,Warranty Buy-back,4,9522.0
2025-08,GW-OTHER,Goodwill / Other,49,144550.0
2025-08,RETURN-QC-OK,Return Accepted (QC Passed),29,68297.0
2025-08,CANCEL,Order Cancellation,12,47505.0
2025-08,DUP-PAYMENT,Duplicate Payment,16,42931.0
2025-08,DOA-REPL,Dead on Arrival (Replacement),8,28577.0
2025-08,LOST-TRANSIT,Lost or Undelivered,5,19463.0
2025-08,WTY-BUYBACK,Warranty Buy-back,4,11121.0
2025-08,PRICE-ADJ,Price or Coupon Adjustment,2,5377.0
2025-09,GW-OTHER,Goodwill / Other,70,230734.0
2025-09,RETURN-QC-OK,Return Accepted (QC Passed),28,61145.0
2025-09,DUP-PAYMENT,Duplicate Payment,22,56874.0
2025-09,DOA-REPL,Dead on Arrival (Replacement),11,45393.0
2025-09,CANCEL,Order Cancellation,15,40985.0
2025-09,WTY-BUYBACK,Warranty Buy-back,6,20445.0
2025-09,PRICE-ADJ,Price or Coupon Adjustment,6,14711.0
2025-09,LOST-TRANSIT,Lost or Undelivered,3,11997.0
2025-10,GW-OTHER,Goodwill / Other,98,334007.0
2025-10,DUP-PAYMENT,Duplicate Payment,33,74406.0
2025-10,RETURN-QC-OK,Return Accepted (QC Passed),21,73713.0
2025-10,CANCEL,Order Cancellation,16,46052.0
2025-10,DOA-REPL,Dead on Arrival (Replacement),6,19830.0
2025-10,WTY-BUYBACK,Warranty Buy-back,4,14619.0
2025-10,PRICE-ADJ,Price or Coupon Adjustment,4,9636.0
2025-10,LOST-TRANSIT,Lost or Undelivered,3,3374.0
2025-11,GW-OTHER,Goodwill / Other,82,243878.0
2025-11,RETURN-QC-OK,Return Accepted (QC Passed),37,108494.0
2025-11,DUP-PAYMENT,Duplicate Payment,27,74480.0
2025-11,DOA-REPL,Dead on Arrival (Replacement),14,53447.0
2025-11,CANCEL,Order Cancellation,10,44825.0
2025-11,WTY-BUYBACK,Warranty Buy-back,10,30215.0
2025-11,PRICE-ADJ,Price or Coupon Adjustment,4,16446.0
2025-11,LOST-TRANSIT,Lost or Undelivered,2,4199.0
2025-12,GW-OTHER,Goodwill / Other,70,183718.0
2025-12,RETURN-QC-OK,Return Accepted (QC Passed),40,104301.0
2025-12,DUP-PAYMENT,Duplicate Payment,23,71038.0
2025-12,CANCEL,Order Cancellation,17,58126.0
2025-12,DOA-REPL,Dead on Arrival (Replacement),8,27633.0
2025-12,WTY-BUYBACK,Warranty Buy-back,6,15988.0
2025-12,LOST-TRANSIT,Lost or Undelivered,4,9896.0
2025-12,PRICE-ADJ,Price or Coupon Adjustment,3,5254.0
2026-01,GW-OTHER,Goodwill / Other,62,185446.0
2026-01,DUP-PAYMENT,Duplicate Payment,29,88358.0
2026-01,RETURN-QC-OK,Return Accepted (QC Passed),26,80651.0
2026-01,CANCEL,Order Cancellation,18,37147.0
2026-01,DOA-REPL,Dead on Arrival (Replacement),6,21228.0
2026-01,WTY-BUYBACK,Warranty Buy-back,6,19243.0
2026-01,PRICE-ADJ,Price or Coupon Adjustment,3,10398.0
2026-01,LOST-TRANSIT,Lost or Undelivered,3,7397.0
2026-02,GW-OTHER,Goodwill / Other,63,162060.0
2026-02,RETURN-QC-OK,Return Accepted (QC Passed),31,79238.0
2026-02,DUP-PAYMENT,Duplicate Payment,19,62991.0
2026-02,DOA-REPL,Dead on Arrival (Replacement),9,30568.0
2026-02,PRICE-ADJ,Price or Coupon Adjustment,7,19819.0
2026-02,CANCEL,Order Cancellation,7,12666.0
2026-02,WTY-BUYBACK,Warranty Buy-back,2,3656.0
2026-02,LOST-TRANSIT,Lost or Undelivered,1,1799.0
2026-03,GW-OTHER,Goodwill / Other,64,175379.0
2026-03,RETURN-QC-OK,Return Accepted (QC Passed),32,87240.0
2026-03,DUP-PAYMENT,Duplicate Payment,22,52058.0
2026-03,DOA-REPL,Dead on Arrival (Replacement),14,39541.0
2026-03,LOST-TRANSIT,Lost or Undelivered,6,26153.0
2026-03,WTY-BUYBACK,Warranty Buy-back,8,21771.0
2026-03,CANCEL,Order Cancellation,15,18134.0
2026-03,PRICE-ADJ,Price or Coupon Adjustment,2,15497.0
2026-04,GW-OTHER,Goodwill / Other,68,199084.0
2026-04,RETURN-QC-OK,Return Accepted (QC Passed),36,80107.0
2026-04,CANCEL,Order Cancellation,12,36370.0
2026-04,DOA-REPL,Dead on Arrival (Replacement),11,23366.0
2026-04,DUP-PAYMENT,Duplicate Payment,12,22001.0
2026-04,WTY-BUYBACK,Warranty Buy-back,5,16221.0
2026-04,PRICE-ADJ,Price or Coupon Adjustment,6,16069.0
2026-04,LOST-TRANSIT,Lost or Undelivered,4,9047.0
2026-05,GW-OTHER,Goodwill / Other,70,195452.0
2026-05,RETURN-QC-OK,Return Accepted (QC Passed),33,81849.0
2026-05,CANCEL,Order Cancellation,9,34227.0
2026-05,WTY-BUYBACK,Warranty Buy-back,7,32443.0
2026-05,DOA-REPL,Dead on Arrival (Replacement),10,28863.0
2026-05,PRICE-ADJ,Price or Coupon Adjustment,5,21770.0
2026-05,DUP-PAYMENT,Duplicate Payment,13,19089.0
2026-05,LOST-TRANSIT,Lost or Undelivered,2,13044.0
2026-06,GW-OTHER,Goodwill / Other,71,190238.0
2026-06,RETURN-QC-OK,Return Accepted (QC Passed),25,68879.0
2026-06,CANCEL,Order Cancellation,24,60853.0
2026-06,DOA-REPL,Dead on Arrival (Replacement),17,56701.0
2026-06,DUP-PAYMENT,Duplicate Payment,18,39623.0
2026-06,LOST-TRANSIT,Lost or Undelivered,4,15116.0
2026-06,WTY-BUYBACK,Warranty Buy-back,5,11320.0
2026-06,PRICE-ADJ,Price or Coupon Adjustment,6,8091.0
